{
	"Wheel 1": {
		"dictName": "Wheel 1",
		"name": "Wheel",
		"customName": "wheel1",
		"type": "",
		"x": 260,
		"y": 15,
		"z": 0,
		"rx": 0,
		"ry": -1,
		"rz": 0,
		"a": 1.57
	},
	"Wheel 2": {
		"dictName": "Wheel 2",
		"name": "Wheel",
		"customName": "wheel2",
		"type": "",
		"x": -260,
		"y": 15,
		"z": 0,
		"rx": 0,
		"ry": -1,
		"rz": 0,
		"a": 1.57
	},
	"gyro": {
		"dictName": "gyro",
		"name": "Gyro",
		"customName": "gyro",
		"type": "add",
		"x": 0,
		"y": 0,
		"z": 0,
		"rx": -0.5858,
		"ry": 0.5858,
		"rz": 0.5858,
		"a": 2.09
	},
	"gps": {
		"dictName": "gps",
		"name": "GPS",
		"customName": "gps",
		"type": "add",
		"x": 0,
		"y": 0,
		"z": 0,
		"rx": -0.5858,
		"ry": 0.5858,
		"rz": 0.5858,
		"a": 2.09
	},
	"camera1": {
		"dictName": "camera1",
		"name": "Camera",
		"customName": "camera1",
		"type": "add",
		"x": 0,
		"y": 310,
		"z": -310,
		"rx": -0.22,
		"ry": -0.22,
		"rz": 0.95,
		"a": 1.62
	},
	"camera2": {
		"dictName": "camera2",
		"name": "Camera",
		"customName": "camera2",
		"type": "add",
		"x": 310,
		"y": 310,
		"z": 0,
		"rx": 0,
		"ry": -1,
		"rz": 0,
		"a": 0.45
	},
	"camera3": {
		"dictName": "camera3",
		"name": "Camera",
		"customName": "camera3",
		"type": "add",
		"x": -310,
		"y": 310,
		"z": 0,
		"rx": 0,
		"ry": -1,
		"rz": 0,
		"a": 2.69
	},
	"lidar": {
		"dictName": "lidar",
		"name": "Lidar",
		"customName": "lidar",
		"type": "add",
		"x": 0,
		"y": 370,
		"z": 0,
		"rx": -0.58,
		"ry": -0.58,
		"rz": -0.58,
		"a": 2.09
	}
}